"hX","hT","hx","ht","a","b","c","nX","nT","sd","iter","time"
0.0434897559477515,0.0330577849847603,0.0439776850923829,0.0346839037783838,2.45,3.25,1.66089525213465,1597,1751,0.736588314641267,5,88.2623541355133
0.157627662531341,0.0114626643345782,0.134261109530217,0.0134162125481157,0.3,4.3,0.059023592621088,1779,869,0.121300445171073,5,114.093429088593
0.0262092516104056,0.0871444249813096,0.0282517516472622,0.0853205520309964,3.2,0.95,0.602578992955387,1558,796,0.453801410505548,5,75.4603109359741
0.0345861547873306,0.0268774770802629,0.0356493561842891,0.0280709999445464,2.95,3.8,0.816585044842213,1797,1941,0.709476644638926,4,99.2312479019165
0.42120827078487,0.0633117295419598,0.132960171309491,0.079725777680029,0.05,3.35,1.59165857918561,695,1799,0.830733708571643,11,199.746407985687
0.0264124158268508,0.132701715417185,0.0288453041240397,0.115933495016604,3.5,0.6,1.22311399970204,726,1029,0.458268991671503,5,35.0507199764252
0.0142275365655276,0.0110292578842343,0.0175907468913582,0.0139591076589848,3.4,4.4,1.36915454966947,1093,1471,0.039418260101229,5,29.7341351509094
0.0286899124344725,0.0425484809686229,0.0305754043342525,0.0445727467713028,4.6,3.1,0.617592103779316,746,1099,0.667853098828346,4,30.1753940582275
0.0277965407134018,0.0627987225685084,0.0292938926512616,0.0619776755065755,3.55,1.55,0.726012875791639,1958,1976,0.963704811641946,11,287.87882399559
0.0364647480994851,0.0233165320735833,0.0372333395584833,0.0251532361913228,2.65,4.15,0.304038768168539,1231,1901,0.545940787298605,5,61.5161290168762
0.0253281802752812,0.0833824901850966,0.0270259917743317,0.0811317987472354,3.25,0.95,1.10912483604625,1122,1751,0.475605779327452,5,60.6467850208282
0.0757036961247416,0.0522413688784801,0.0754576757850037,0.0541125103556644,2.15,3.15,1.60326913092285,517,640,0.981080767698586,6,37.1411859989166
0.0652830149917694,0.084921893457046,0.0660464917687408,0.0802508032915138,1.85,1.35,1.93784215906635,519,1362,0.88630548142828,4,29.1370859146118
0.0140559116401994,0.0991140969736737,0.0150532062336436,0.0951070697183336,4.95,0.5,1.88423776580021,1218,888,0.151309070875868,5,65.1255300045013
0.0264831273871377,0.132595579125848,0.0288240048756696,0.116792460967192,3.15,0.5,1.3216362609528,696,1451,0.384550628950819,5,55.5519089698792
0.0561520392686501,0.0110833896507062,0.0554686051656399,0.0116877721054496,0.7,4.15,1.77056954428554,1360,1582,0.0743541726842523,4,46.3817851543427
0.022643744983151,0.0822295100439817,0.0242387631955966,0.0796806871394632,4.7,1.2,1.72677747579291,1127,1427,0.585146510740742,5,42.1549870967865
0.00573011912766356,0.00698935906806081,0.011668215239462,0.0141479100770422,4.7,3.85,1.15995148476213,1431,1364,0.00722792744636536,5,37.4077451229095
0.0428117952220266,0.08168805141942,0.0443646209096092,0.0742517690896552,1.25,0.6,1.58054908411577,1463,1412,0.260578190209344,6,73.9051139354706
0.0566223449524077,0.0792113285890837,0.0573819530956267,0.0796677523375538,1.7,1.2,0.624065534677356,1665,632,0.759447880089283,4,49.1001451015472
0.133691186156315,0.0227239502922305,0.115955345963639,0.0255619126430537,0.6,3.55,0.0523344073444605,1892,780,0.646898026578128,6,123.644941091537
0.0194920452735943,0.0645947861725903,0.0210916234675335,0.065151845379975,4.5,1.35,0.240051176864654,822,620,0.245052986545488,4,41.7099568843842
0.106934271475613,0.0841888336941968,0.101865669088766,0.0853316646350207,0.7,0.9,0.257350254338235,671,851,0.614252597093582,6,91.2328867912292
0.0418665070326701,0.034863730423133,0.0423425277784496,0.0364245138224885,2.7,3.25,1.76108070695773,1756,1648,0.849892659112811,4,74.9443371295929
0.0384219198078221,0.0736075008239232,0.040024038963418,0.0739184907051822,2.4,1.25,0.161618152167648,764,816,0.441747232107446,5,71.3465669155121
0.0300258119280302,0.0550951977214479,0.0322770469511162,0.0559975424775137,4.15,2.25,0.731578207574785,701,1158,0.650166275445372,7,47.1021270751953
0.0104735302569305,0.0390120768423313,0.0116397048491991,0.0403896230965913,4.25,1.1,1.1059885006398,1260,1400,0.0556518093217164,4,34.7267320156097
0.0404453270987087,0.0150225100564435,0.0417937218401522,0.0161700852096362,1.05,3,1.46266121836379,1485,546,0.0452517580706626,6,39.0402839183807
0.0611144364664867,0.0296582372911844,0.0646307523259717,0.0307758259654979,2.35,4.85,0.196998871397227,884,740,0.934468062128872,11,152.818024873734
0.0344965635648981,0.057704784164289,0.0349521143575929,0.0571353112559874,2.7,1.55,1.90207634912804,1613,1733,0.648123667342588,6,107.982146024704
0.0285182315157916,0.0235101901963247,0.0300459987260516,0.0255188986003684,3.5,4.25,0.497916362714022,1481,1106,0.406160544371232,6,38.2057120800018
0.0321954585382678,0.0464848484069478,0.0337568497222427,0.048235499036037,4.65,3.2,1.69706447934732,904,528,0.606172295985743,11,80.8872330188751
0.0568051966785116,0.0259356376251063,0.0568687652957115,0.0267789095125515,1.25,2.9,1.54465598985553,917,1134,0.21726019657217,5,55.1153621673584
0.0442487932403891,0.0247516614129731,0.0444691568923324,0.025941959041914,1.7,3.1,1.54159518703818,1762,1374,0.318862271960825,11,125.794140100479
0.0313240683874588,0.116015356183153,0.0338405805595157,0.102371162084286,2.8,0.7,0.941122868098319,1697,1776,0.960100712953135,5,107.735762834549
0.00998560767923091,0.00965304677721401,0.0261423872063059,0.0252741886657729,1.3,1.35,1.40697746444494,1206,549,0.0013960818760097,4,19.0717880725861
0.0431820857209694,0.0272711714644433,0.0442694807878684,0.0284935281351561,2.45,3.9,0.664560069330037,618,1047,0.37589547643438,11,44.8635189533234
0.0250061444561176,0.0335513296629947,0.0268491292761134,0.0356093617252526,4.5,3.35,0.585081992205232,566,1936,0.463301847456023,4,46.6145150661469
0.0488530722571101,0.0104799217110471,0.0489270983744253,0.0111714711365541,0.9,4.45,1.24572652112693,502,926,0.0361984267365187,5,40.6940660476685
0.0470282647494958,0.0470282647494958,0.0474571972437395,0.0481938563639021,1.85,1.85,0.354808469302952,553,1049,0.369120214134455,5,21.312038898468
0.0408856651648498,0.0554751103291703,0.0411455940220704,0.055465352849186,1.35,1,0.405185240320861,1786,1212,0.263441764749587,5,63.12353515625
0.025594773924477,0.0226074039392239,0.0274116864038626,0.0237152114215327,4.15,4.7,0.874347846955061,1611,1188,0.435794090153649,4,37.3736319541931
0.102863180064757,0.0332270380729432,0.0966368338024012,0.0353964530920975,1.05,3.5,1.67290364485234,674,1736,0.827507270034403,5,71.0889229774475
0.0200977862288776,0.0896694618195051,0.0215577084586213,0.0847835369367735,3.7,0.8,0.716958707198501,1381,1847,0.473597846226767,5,87.4872000217438
0.0343598035298889,0.032207283836462,0.035858293119443,0.033270699119889,2.25,2.4,0.0717909461818635,1127,685,0.226841961732134,5,30.9463529586792
0.129874087666195,0.0503431116190391,0.112726852879137,0.0544634261747744,0.35,1.35,1.50505637330934,815,1850,0.347149142064154,5,114.964522838593
0.141521653511489,0.0383306770599997,0.108735789960573,0.0441671357920378,0.45,2.05,0.943408943712711,1940,1685,0.799443125259131,5,144.130285024643
0.0425512329128704,0.0368072255661274,0.0435221565368938,0.0374473515136656,2.15,2.5,1.73016032017767,655,994,0.272290451219305,5,74.0783841609955
0.0243308334793325,0.057781956465724,0.0255132035717423,0.0577070633883697,3.7,1.55,0.270649502985179,1129,1104,0.457103262189776,6,27.3475520610809
0.048549848225763,0.0468642321026091,0.0497286268867381,0.047129354099706,2.7,2.8,0.65748443454504,739,1097,0.930130051448941,5,37.1911249160767
0.0658799582183083,0.044694982084967,0.0655522719260747,0.0453163663797065,0.85,1.25,0.749433452263474,713,1372,0.20439687371254,11,104.879867076874
0.0604927481170467,0.0462015457098583,0.0607503546678185,0.0476792347456943,1.95,2.55,0.431110644713044,601,1719,0.9626803859137,4,58.495717048645
0.0479673249883482,0.024099093170623,0.0471262272854092,0.025856337856581,1.6,3.2,0.336574866902083,1189,1126,0.302310798084363,5,26.4831509590149
0.0782992485508574,0.0220479279530811,0.0774104950781908,0.0237754902222596,1.1,4.2,1.7198610776104,663,857,0.252441018819809,4,51.0988922119141
0.0312888580314785,0.0588768644018856,0.0340562125371379,0.060573042307633,4.35,2.3,0.741862395312637,1121,544,0.710582017432898,4,18.5925421714783
0.0399103160363266,0.0247464578220616,0.042302767923793,0.0262491586315844,3.1,5,0.0994105339050293,1755,584,0.653256297810003,6,54.9689319133759
0.03365863136721,0.0388727536416021,0.0343269392075361,0.0399641328509017,2.55,2.2,1.21885054931045,1535,619,0.281142657622695,4,37.4643979072571
0.0464687788426171,0.0280986940859447,0.0477138806280569,0.03003576946292,2.5,4.15,0.552100383676589,1635,892,0.721214196179062,5,86.9355568885803
0.023190765282404,0.0262664170475547,0.0244355251560783,0.0284923317757262,4.7,4.15,0.215482831466943,1586,516,0.351554413558915,11,59.2427530288696
0.020312086527357,0.0426565871515189,0.0222697675212893,0.0430963828902857,4.2,2,0.0476204906590283,1468,1215,0.387361202156171,5,40.1135280132294
0.0456391477822192,0.0420925594071146,0.0472356708916747,0.04292492432153,2.35,2.55,0.459238983225077,1427,1652,0.962126451544464,5,70.7648720741272
0.0243980633333997,0.0274161814381998,0.0263490470565961,0.0290607836219966,4.55,4.05,0.112507512327284,1817,981,0.577330856118351,5,109.528326034546
0.0406000684633942,0.162877879671097,0.0468674827513305,0.109609267865104,2.45,0.45,1.4636152619496,1519,1106,0.891446009743959,5,50.0391390323639
0.016338532456613,0.0603654265531662,0.0174416506966152,0.0600734252575058,4.15,1.05,1.58434436842799,1670,1805,0.243455695221201,4,84.5803000926971
0.0332263543125651,0.0548654362448698,0.0344560707523893,0.0557725888447098,3.25,1.95,1.46432365430519,1954,1865,0.993263327982277,4,116.984422206879
0.0395846832091985,0.0412610690596679,0.0405704796284498,0.0430534282300271,2.45,2.35,0.503232987131923,1141,951,0.479924060869962,4,49.4920930862427
0.0341083953606355,0.0562261031652321,0.0356793402422936,0.0574357209916784,3.5,2.1,1.47001776937395,1384,509,0.542880099033937,7,41.2472589015961
0.0285789385157756,0.187599545456887,0.0340821803176511,0.116601988924856,3.5,0.3,1.34046254726127,1284,1997,0.730864471988752,6,118.603886127472
0.0433793118275082,0.0705936587922592,0.0449220856795552,0.0667815319344977,1.95,1.15,1.29384172614664,1900,1744,0.744658056879416,6,147.633530855179
0.0307123771906619,0.0255081040834388,0.0315180194168264,0.0273663715772233,3.65,4.4,1.31571999797598,697,1571,0.399798160884529,4,45.2113909721375
0.0312943079784894,0.138547360696064,0.0337511058120878,0.107660336664941,2.55,0.25,1.83781669195741,1623,1215,0.282540259649977,4,51.660768032074
0.0116914549626793,0.0292393888859943,0.0131222898975689,0.0307942383711976,4.35,1.7,1.47489911783487,1002,984,0.0501991685014218,7,56.3598520755768
0.0672160002705226,0.022490189987148,0.0670891583801424,0.0237280749312906,1.2,3.6,0.216642608866096,1895,1561,0.552307166857645,4,86.969071149826
0.0368983109623763,0.0404048484584504,0.0387018853530509,0.0418796755648846,4,3.65,0.345313413999975,736,669,0.770506885368377,4,38.1590049266815
0.0311141568318193,0.0254152702389224,0.0320755144104328,0.0267789913725757,2.9,3.55,0.0228428300470114,1723,649,0.34348440147005,6,61.3264729976654
0.0273281672766369,0.0617872296589141,0.0297176098834883,0.060558024096959,3.4,1.5,0.139914700295776,1881,1758,0.858355982694775,11,224.178718090057
0.0280735875640097,0.0298791530154626,0.0298477836892307,0.0309724764980714,4.15,3.9,0.970934909768403,923,1925,0.596239919075742,11,209.921806097031
0.0409624700135377,0.11891287921684,0.0422349372557107,0.112729722514206,2.5,0.75,1.9206018303521,946,961,0.681317445589229,5,144.245270967484
0.0241757259964985,0.0241757259964985,0.0252793020300368,0.0251091922143353,1.8,1.8,0.10852859262377,1658,1418,0.102995635708794,11,100.771486997604
0.0245690046988424,0.0287187368715139,0.0257235358192285,0.0296876904335579,4.05,3.45,1.74407189013436,1175,1179,0.311447254614905,11,45.2267470359802
0.114698555759158,0.0159796970914561,0.106060429796305,0.0172494237318419,0.35,3.8,1.09495231555775,548,1614,0.113544807536528,4,35.1474778652191
0.0347090580404118,0.0483985235774515,0.0357329048707668,0.0490165363731305,2.65,1.9,0.519651291426271,1942,1863,0.851384083740413,4,115.601932048798
0.0303104677970976,0.135979256548137,0.0333677979565267,0.119463351866877,3.35,0.7,0.894637167919427,747,1497,0.824698938289657,5,68.6446280479431
0.0407596837119915,0.0162847258928007,0.0404744818836878,0.0176915890820809,1.7,4.3,0.84574431553483,1337,1294,0.196119875181466,11,65.6099710464478
0.050012092094056,0.0365085986018034,0.0519077231436995,0.0382788541813429,2.25,3.1,0.9358562794514,1557,652,0.609542607562616,6,60.4453220367432
0.0535713018822969,0.0439666210856891,0.0549807638593286,0.0443761276310631,2.15,2.65,1.80629703961313,764,1628,0.737944724038243,11,145.682332992554
0.0418184282145399,0.0567190088347145,0.0436947933018439,0.056442946600357,2.05,1.5,0.411402751691639,1496,1428,0.655309372348711,5,62.5140159130096
0.0200032370462848,0.0265168268325328,0.0216344512266626,0.0281696655207722,4.05,3.05,0.934847940225154,1073,526,0.128883698722348,11,30.1655900478363
0.191326831543569,0.0891908756986803,0.121010032004866,0.0994361104345046,0.35,1.05,1.13649994274601,551,1843,0.955655893310905,4,58.2549858093262
0.0258360062529507,0.0937174732875877,0.0276679706683709,0.0904114279688136,5,1.35,0.702530701644719,769,1064,0.846674097236246,11,76.965931892395
0.121245647650852,0.0401531885100247,0.0968619839300517,0.0428814878915565,0.45,1.6,0.678519442677498,1784,1003,0.419663128908724,5,58.6249570846558
0.0132559138479063,0.0234981294177487,0.01405177461104,0.0244769764234206,3.9,2.2,0.0110951033420861,1955,1765,0.119020925601944,8,138.052532911301
0.101470396511032,0.0223340144072936,0.0936966900122483,0.0245918978996643,0.7,3.2,0.11505482904613,1615,1646,0.575181394582614,5,92.065192937851
0.0245786815083983,0.0231400825890843,0.0257867386611054,0.0254443188758643,4.05,4.3,0.314313753508031,1521,1121,0.391530213644728,6,37.4068651199341
0.0284523848783624,0.110500254764471,0.0304528716975387,0.108937867434249,4.4,1.05,1.69469421217218,635,664,0.54503487679176,4,33.3445200920105
0.0282061623452936,0.0192049839309823,0.0297936739322731,0.0201404527492811,3.35,4.95,1.47311435686424,1833,1521,0.365378027781844,11,126.334342956543
0.0199462410749873,0.126304161393958,0.0216751038994184,0.110021644605128,3.75,0.2,1.95010826038197,1052,1733,0.139219142962247,5,57.1326110363007
0.0384038471316403,0.0486914785306646,0.0402638473637824,0.0497028871191292,3,2.35,1.00091694574803,1761,1217,0.933391285594553,11,107.988807916641
0.031836832389209,0.0418683055042633,0.033225467723507,0.0434669619045483,4.75,3.6,1.29122037440538,1259,652,0.831873925635591,11,66.5540289878845
0.0114340954012757,0.0462385525421509,0.0122723634419361,0.046512951629242,4.5,1.1,0.536463836673647,1447,545,0.0641472295392305,4,26.9691770076752
0.032810716767054,0.0831833173472134,0.0349257507131155,0.0807579556229861,2.95,1.15,0.506665517110378,1035,1059,0.60817117523402,7,29.3065230846405
0.0302140301776945,0.0700971038110768,0.0323255311205965,0.0675496463599581,3.35,1.4,1.19326031208038,1576,1220,0.684355140896514,4,43.6506469249725
0.0464751360154754,0.0325081831481902,0.0475760824493059,0.0343830805767899,2.4,3.45,0.98831083625555,1399,658,0.523655531695113,4,36.7075459957123
0.0277586204111209,0.0158204829764011,0.0283595810683396,0.016836408759847,2.6,4.6,1.29065175354481,594,1168,0.101336357882246,5,22.9533519744873
0.452952592956088,0.0742136496036255,0.12146001427296,0.0930940414454634,0.05,2.45,0.934898973442614,676,1658,0.781180468620732,4,65.0299367904663
0.0226174750395732,0.0132211156909785,0.0233451364577661,0.0140062040024459,2.8,4.8,0.661027057562023,1945,542,0.0888677034527063,6,52.4336471557617
0.0997087189693441,0.0355966642115278,0.0946582090850731,0.0372521296744475,0.65,2,1.0581558868289,1650,695,0.367754879407585,11,148.797955036163
0.0277745550869439,0.027479240248691,0.0291873157298461,0.0289363134115941,4.5,4.55,1.98597580334172,1684,1787,0.740126038901508,7,114.109430074692
0.0284731550163126,0.0673618133367516,0.0309270954036054,0.0679347618156574,4.4,1.85,0.773664082400501,1159,681,0.731552020646632,11,70.6968438625336
0.0216545238619247,0.017571053605838,0.0220616943121954,0.0179838899006526,1.95,2.4,0.995590953156352,1825,1658,0.068711896892637,4,70.3915159702301
0.195838616754812,0.0671501920151444,0.12458731217889,0.0796162710225204,0.25,1.1,0.617892622947693,1589,664,0.429255058523268,6,81.7023708820343
0.0411720429232893,0.0322165494291104,0.0424542564957122,0.0334060921429789,2.3,2.95,0.533437517937273,1756,1889,0.725374613655731,5,107.57223200798
0.0245481816420174,0.242096431103742,0.0316329209695843,0.120710760087837,4.6,0.1,1.20878934301436,1507,1563,0.33441791171208,5,85.0035500526428
0.0225588052770593,0.0329216455918417,0.0235954437765091,0.0343940990452244,4.85,3.3,1.64920629840344,1457,1188,0.436627748422325,5,36.1389000415802
0.0753222393623997,0.0364225684342001,0.075232988947364,0.0380025031859855,1.05,2.2,0.740676620975137,1425,1542,0.564556183293462,4,56.1458790302277
0.0303076380111717,0.0989301941484233,0.0315337636513415,0.0926004331369863,1.4,0.4,0.224075720645487,1086,1942,0.158586595207453,5,72.7612171173096
0.025881447527418,0.0428247116122359,0.0270877042669193,0.0431726182125345,4.75,2.85,1.58760228520259,1485,524,0.46780623216182,11,58.2578010559082
0.0255041775905342,0.0288529279870926,0.0271863543208198,0.0295644012837776,4.3,3.8,1.8617093754001,1851,1131,0.473074114182964,5,53.8478820323944
0.0476118861215469,0.0519898805002345,0.0486200717816188,0.0532619055469394,2.35,2.15,1.61200485657901,1900,732,0.742340813390911,4,73.5420260429382
0.0552900729142033,0.0354140760277257,0.0550296403391805,0.0369662984180314,1.6,2.5,0.0931833768263459,1195,1421,0.633773226756603,11,78.4508528709412
0.0232628617530371,0.0167462058037067,0.0238776794451984,0.0173266853445806,2.65,3.7,1.15876272972673,1889,1851,0.160741882165894,4,84.9033319950104
0.0501090990827953,0.0604714022368116,0.0501081443499943,0.0607783434888968,1.2,1,0.806898389011621,1683,911,0.282122609671205,5,107.050831794739
0.0330516215188949,0.0947002904421074,0.0356591053370014,0.0910172835942031,3.45,1.15,1.30777892097831,624,1427,0.694117652252316,4,37.198362827301
0.0222724480269557,0.0120962016835531,0.0226415347903923,0.0128205271843623,2.5,4.65,1.25168147170916,1273,1090,0.0668114619329572,8,31.5936470031738
0.281607153841121,0.0588776145631494,0.11888105519504,0.0708235400052201,0.2,1.55,0.387201830744743,1797,577,0.651722113136202,5,71.3702509403229
0.0390316057723908,0.0379039491427928,0.0393495621791586,0.0383756399293407,1.5,1.55,1.00850880378857,964,842,0.139382671564817,5,101.411633968353
0.0376635858911546,0.0376635858911546,0.0398824126467681,0.0389637385783067,3.25,3.25,1.58701413078234,1314,1669,0.845923763001338,10,102.90723991394
0.0249152122458681,0.023098872015367,0.026391273195282,0.024214234021164,3.2,3.45,0.639600386377424,1847,1031,0.249291266780347,6,48.3195950984955
0.145349791916735,0.0608772468508243,0.123352511994749,0.0640020542993695,0.55,1.55,1.30258093494922,526,587,0.489882434718311,6,32.8437249660492
0.0354147543938579,0.0396959421601868,0.0366053269081086,0.0410169546014174,2.35,2.1,0.700972544960678,1143,1850,0.43789207842201,4,49.2508888244629
0.0459007893588227,0.0203554576290357,0.0464492502310242,0.0223235747571428,1.95,4.4,0.373304690700024,1617,1668,0.51594828395173,5,75.332300901413
0.0163367273237603,0.0159356653383308,0.0175390983053419,0.0172847968196743,4,4.1,1.00786412134767,1764,583,0.0785560526419431,5,42.5023839473724
0.0243494844820054,0.0275125007373967,0.0252978639967036,0.0289702431895779,3.85,3.4,0.758626386057585,989,1843,0.364112010691315,5,112.3014960289
0.058767281878095,0.0958453890270452,0.0578423561147265,0.0929722239044859,1.55,0.9,1.66756842005998,1661,757,0.744730145903304,4,69.9958288669586
0.024391949874727,0.343583583951831,0.0339910234581201,0.148655691795765,3.25,0.05,0.281295613385737,896,1837,0.10914952098392,6,159.255338191986
0.0114082611982454,0.0170212001675943,0.0127111507461792,0.018706740509854,2.4,1.6,0.61678732605651,1516,1851,0.0214862045831978,4,61.7123801708221
0.0373871740175875,0.0398729728152735,0.0399360426760933,0.0412744777581519,3.25,3.05,0.698873813264072,531,946,0.473122464492917,6,59.0798721313477
0.03741704504229,0.209704201131019,0.048045173531138,0.114095134495143,2.25,0.3,0.538572585210204,1228,1895,0.754519275156781,5,90.3824560642242
0.0481376249569499,0.146273154445564,0.0515497113290106,0.12576111258087,1.8,0.3,1.87338019162416,690,1687,0.402059324784204,5,80.1972270011902
0.0366614721506387,0.0246656168450586,0.0374011320065676,0.0263747772005907,2.85,4.25,1.34719940368086,1875,1226,0.538269327487797,6,71.032613992691
0.0791091033038505,0.0517649489829163,0.0790379972642881,0.0520123851239491,1.2,1.9,1.16017596190795,1642,684,0.695613619172946,11,141.743579149246
0.038084228933738,0.0356343827580477,0.039631539332282,0.0365751495381241,3.55,3.8,0.808251185808331,951,1456,0.950206234585494,4,65.380420923233
0.191698596535319,0.0212351881948862,0.115027308849454,0.026374450139231,0.1,1.2,0.0524899708107114,1077,1734,0.0182602810673416,5,53.5192930698395
0.0669924231525484,0.0503788618290835,0.0652838038937192,0.0508584461844306,1.05,1.4,0.937711696606129,1932,1114,0.476265100063756,4,59.3128800392151
0.0251160467362378,0.0776886798418726,0.0275636181150142,0.074187825916238,4.35,1.35,1.31484605651349,1371,1678,0.810287481173873,4,61.4616651535034
0.0246250873462105,0.028854920727725,0.0257633426678577,0.0301091834681819,4,3.4,1.42962724762037,1832,1937,0.511466093361378,11,193.940905094147
0.0452112073891485,0.0363204059041528,0.0472449213912432,0.0378810927941,2.45,3.05,0.0109224603511393,1330,607,0.610428297892213,6,40.8961551189423
0.0240561278604161,0.0432700552298702,0.0251397431603685,0.0439267212405706,3.95,2.15,1.88604059396312,1580,817,0.321496980963275,5,69.3663969039917
0.0523977627507882,0.0195819279899486,0.0512155185517223,0.019921054112737,0.45,1.6,1.35424432298169,1814,1510,0.0479842387139797,4,71.4137899875641
0.0857213177623224,0.0325557340376192,0.0822247573652253,0.0334003501356948,0.6,1.75,0.87409211974591,1374,1527,0.29711593221873,4,53.6976299285889
0.0406061978714152,0.101332016930359,0.0432692426805659,0.0954161695173228,3.15,1.2,1.47089005121961,1691,558,0.992366350721568,5,51.6737921237946
0.0401536414866299,0.0256345744690393,0.0420384857974664,0.0267782326197154,3.05,4.8,1.34470430295914,1862,682,0.588283590739593,11,133.412702083588
0.0272639264972687,0.122085234930266,0.0308118202285674,0.114469553550679,4.3,0.95,0.520173247903585,764,727,0.732580622658134,5,63.3569002151489
0.0223876470212703,0.0120045513207726,0.024993387424692,0.0136659395516834,1.2,2.3,1.12291332753375,589,1414,0.0117736402899027,5,31.037122964859
0.292025221136697,0.0251485017745606,0.145763096555509,0.0319353243440036,0.25,4.8,0.678423593286425,921,1197,0.849027573829517,5,73.1770060062408
0.30458172373909,0.0306089804720287,0.137924581758248,0.0397407047008723,0.15,4.55,1.11562804365531,1790,733,0.730102356290445,11,204.820014953613
0.0105215205589196,0.0617526885506662,0.0110721730192685,0.0610871696883343,4.4,0.6,1.79668224370107,1570,991,0.0618831133469939,4,83.2522058486938
0.077653019660918,0.043615462758309,0.0767019866364133,0.0440042978925687,0.95,1.7,0.451023735571653,1236,1538,0.587118267081678,5,55.2485778331757
0.0302818593758306,0.0275492556225382,0.0317062384812771,0.0294530285465785,4.05,4.45,1.36235082708299,1130,790,0.436723768943921,4,34.8584568500519
0.0271601810607647,0.0305017579032981,0.0282821383083298,0.0316929162889594,4,3.55,1.76111464714631,1792,1295,0.525525794131681,6,68.4110300540924
0.0325309460736931,0.0225481779435143,0.0343541347085222,0.0238376101214383,3.35,4.85,0.932136182207614,1786,501,0.34945491165854,5,39.6413540840149
0.0320240474696636,0.0990890742190234,0.0327483883156873,0.0943820917698085,1.5,0.25,1.24415668612346,1952,734,0.0902532262261957,4,74.7973670959473
0.0236370713192152,0.0351754721726895,0.025444649079207,0.0360469023533656,4.25,2.85,1.05771153746173,676,1928,0.373904770473018,11,128.874903917313
0.0316006836667899,0.266032125979194,0.0413044380885962,0.132605428448572,3,0.25,0.419656632933766,818,1312,0.60487228189595,5,64.5463058948517
0.143430979969243,0.0257602450510063,0.119445029125779,0.0295501029800213,0.7,4.2,0.971040655393153,944,1257,0.892302418593317,11,154.031103849411
0.0404533118862918,0.019309286861819,0.0408006917425067,0.0204876581784139,1.95,4.15,1.57359021622688,1459,1910,0.307673420524225,5,79.0917549133301
0.0382216713275107,0.0200859759125875,0.0384368686667655,0.021123519596377,2.5,4.85,1.96992855984718,846,1249,0.264981642365456,7,60.3709599971771
0.0372511545600198,0.066173839688979,0.0381987664741476,0.0638243518481672,1.1,0.6,0.40168360248208,1996,1427,0.181982331676409,4,84.8547260761261
0.041117586510266,0.0147841570951483,0.0424016727020252,0.0156366613603304,0.9,2.55,0.687470491975546,666,1114,0.0375492977909744,5,28.1677420139313
0.107261138696641,0.13037252843321,0.0947466768413616,0.0980112337650844,0.6,0.35,1.60907202446833,1038,1410,0.61904971441254,5,45.705579996109
0.0233754091622809,0.150230421288437,0.0263509556843595,0.127659987381994,4.85,0.7,0.901696938555688,663,1633,0.941900527570397,5,65.2668778896332
0.0270031744751717,0.0340486810358194,0.0282563919635018,0.0355163775479524,3.85,3.05,0.771045028697699,1420,1955,0.648659180849791,4,71.4314019680023
0.0423802434094549,0.0444748165371427,0.0441068792409511,0.0457520023830384,2.15,2.05,0.390793328173459,699,546,0.274209686322138,4,27.8600850105286
0.0415133104437918,0.0343228062142741,0.0436927959923992,0.0345983493515456,2.15,2.6,0.0512537402100861,1595,1276,0.583467738470063,4,45.5933589935303
0.0480476138150149,0.0831333951191358,0.0489487800866477,0.0827107811517678,1.85,1.05,0.753650864120573,611,1595,0.584011258557439,5,56.2985548973083
0.0367588534118396,0.0248303594317852,0.0377896252141256,0.0260084798897685,2.35,3.5,0.984892521984875,665,901,0.197041718987748,5,59.7842280864716
0.24054193036177,0.0349721931882719,0.150860891468884,0.0415620597926515,0.25,3.5,1.29664913704619,974,604,0.561893066391349,6,95.4483740329742
0.0114879840357557,0.0254984215272481,0.0128749819540545,0.0272825433293798,5,2.25,0.190743768122047,626,1762,0.0763649868313223,5,50.8373250961304
0.0299247379848055,0.0267009494063119,0.0319701147572122,0.0278774160094264,4.45,5,1.89344895118847,731,1265,0.479859969345853,5,38.7113127708435
0.0383519922092688,0.0528092006248122,0.0404527834768528,0.0528399009670906,3.65,2.65,0.106409148313105,666,812,0.916864983038977,11,116.306580066681
0.0498489045552814,0.133806236336638,0.0532623488807827,0.115101050699706,1.85,0.6,1.1791572724469,1863,820,0.942751474678516,4,98.2446110248566
0.0304382997357119,0.225836609259789,0.03703795351321,0.129404519418103,4.1,0.2,1.75180762261152,1822,1847,0.901737968437374,6,176.216288089752
0.0261247114972147,0.0481503146876303,0.0276223029982164,0.0481508276776762,3.35,1.8,1.21052410500124,1050,1728,0.405506476759911,4,38.3090109825134
0.0173344195318847,0.0763188054030919,0.0183320568970346,0.0742629128726362,3.8,0.8,1.18824980827048,1947,1351,0.286852782359347,11,148.665907859802
0.0324854234210629,0.0943425264861366,0.034751373785777,0.0892562999287346,2.35,0.8,0.424973394721746,1779,1694,0.742358142975718,4,98.3334431648254
0.0413410240401334,0.0357070149624653,0.0433492996358791,0.0363862545565156,3.35,3.9,1.85361899156123,1455,1101,0.937881540739909,4,31.4566149711609
0.395101467487851,0.0559154175872554,0.126753598652643,0.0800645167690525,0.15,1.4,0.105429672636092,1896,674,0.499470378737897,5,100.135008811951
0.0463926520128887,0.0274694769950595,0.0483643789578586,0.028363596070089,2.3,3.9,0.516728465911001,1510,1628,0.782085113925859,11,130.611005067825
0.0353190005371629,0.0362268813002823,0.0353345819086646,0.0366138147179908,1.7,1.65,1.87773105502129,1872,1359,0.220198379596695,4,61.086305141449
0.00549650653089788,0.0188933878071293,0.0104846890959928,0.0339184545061134,4.4,1.2,1.64707509521395,1126,1142,0.00640172907151282,5,22.1715838909149
0.112966390274348,0.0628198388827051,0.0994033017815127,0.0674296796139508,0.85,1.6,1.26105193933472,826,1111,0.937873100861907,4,45.1601169109344
0.0324402605112868,0.0386411824686708,0.0344397596742595,0.0396288713886901,4.65,3.9,1.48985688574612,1077,676,0.732847336912528,6,33.2686839103699
0.0154751419369728,0.0312741981929784,0.0162262201152192,0.0318265740959178,4.55,2.2,1.9751569009386,1221,1402,0.136593449162319,5,35.2320489883423
0.12826477443861,0.0341822704902039,0.113582287751704,0.0367802298016727,0.4,2.15,1.46947518596426,1775,561,0.28030288266018,4,51.38361287117
0.0121849304637729,0.0551079738261528,0.0130542515152578,0.0547765172076264,4.85,1.05,0.725286153145134,1885,1073,0.150055926060304,4,40.825886964798
0.0319455985113023,0.268374860540652,0.0394718667087446,0.119132950840863,4,0.05,1.33101896382868,1733,1249,0.238359997048974,6,80.4160242080688
0.0230645207964071,0.0323129445437063,0.0243992617194667,0.0332635531401026,5,3.55,1.62511960742995,666,1434,0.365888383472338,11,76.829845905304
0.0236831424571577,0.0284343089175776,0.0251560759306509,0.0292707052976581,4.45,3.7,1.83259819960222,1951,1897,0.560920666670427,5,119.345555067062
0.0436415560009429,0.0443955335496523,0.0446178413478055,0.0451132494920616,2.85,2.8,1.48350289324299,1042,1545,0.938262092648074,4,32.8975999355316
0.167457894250342,0.0169740110024269,0.126817090539787,0.0200590863088409,0.3,3.25,0.140006852336228,875,1598,0.174747932935134,4,77.7680909633636
0.0996133405095436,0.0644709990867252,0.0872680433744201,0.0665047287779661,0.85,1.35,1.86627941252664,1248,1622,0.91917587351054,4,54.5302040576935
0.0730208363021796,0.0254816062895112,0.0709380218158604,0.027470798493067,1.45,4.4,1.92900165216997,1321,1090,0.614323634887114,5,33.4591670036316
0.015678180428303,0.019915334356575,0.01669190412715,0.0208985205241258,4.7,3.7,0.0108294216915965,1900,1526,0.235601614229381,6,83.1328279972076
0.0189752224637755,0.139353366956781,0.0214448939923638,0.121606270405145,4.8,0.65,0.0667072292417288,1842,951,0.856141219381243,4,117.730784893036
0.0298743208315451,0.0539391922873222,0.0312935150095241,0.055485350133349,4,2.2,0.891893994994462,967,1257,0.710012705996633,6,78.7420921325684
0.0264416418947742,0.0508538037435179,0.0286863864895093,0.0518644822294794,4.35,2.25,0.787320380099118,1251,1621,0.782833321485668,6,61.9058058261871
0.0266235842838422,0.0120930767399486,0.0302876032821985,0.0142004933079025,1.65,3.7,1.0897884266451,1887,595,0.0437247843947262,5,52.7274978160858
0.0453818574472692,0.0325155718871083,0.0466026357844281,0.0344924431084479,2.35,3.3,1.10630869446322,1757,1623,0.80497063905932,5,91.8687031269073
0.0232933047589844,0.0198113434285486,0.0242452581510795,0.0215188331140169,2.85,3.35,0.110668694134802,810,1169,0.125396861694753,4,32.4936079978943
0.0332676895796587,0.114455389069258,0.035535569831708,0.109692659719924,3.05,0.85,0.963669467717409,1965,718,0.876244810642675,5,95.4763531684875
0.0547935088146082,0.0650450053991896,0.0561784710438649,0.0645080591292831,1.9,1.6,0.0212113121524453,1174,690,0.851074026664719,6,46.906397819519
0.0432511232463193,0.201657359304983,0.0535323895645834,0.114685464659963,2.3,0.35,0.976852782536298,1069,1016,0.762194256996736,5,25.2218689918518
0.021776111460231,0.012941176219669,0.0229359324598026,0.0139366574196332,2.3,3.9,0.895450386218727,1477,723,0.0500833289697766,4,40.622652053833
0.0385109679273342,0.0509967195142532,0.0389577182458562,0.0519552004478094,2.8,2.1,1.14917798759416,1480,1025,0.703212668653578,5,42.3595249652863
0.0171121948019988,0.122530463008169,0.0188257889510177,0.110901756722671,3.95,0.55,0.0196807850152254,1866,627,0.329272824339569,11,127.422223806381
0.0402819084656684,0.0402819084656684,0.0413969481590861,0.0410518896311889,3.7,3.7,1.45529196923599,862,565,0.676525775110349,10,89.4216160774231
0.040546426754523,0.0241496159018684,0.0416151767711711,0.0254170574034752,2.3,3.9,1.09890101104975,1948,1952,0.592413102975115,5,124.57786488533
0.0754225516452965,0.0428888837279609,0.0741172185796144,0.0433956434844389,0.85,1.55,1.19655938260257,1893,869,0.37494210107252,4,100.910132884979
0.0779306923188012,0.0199633471617964,0.0783353844039078,0.0204328636426195,0.5,2.5,1.42204415705055,913,957,0.0849211877211928,4,99.3880350589752
0.098889128632389,0.0200554410970328,0.0950797363084599,0.0213263468760229,0.75,3.7,0.014178856741637,865,1400,0.420984542462975,5,72.912024974823
0.035924308176004,0.0294344919980782,0.0372154619382645,0.0308258709081696,2.95,3.6,0.037331186234951,1688,1886,0.919448159169406,4,87.3579838275909
0.0466689501661052,0.0813701737037272,0.0486806136284154,0.0814276736303811,2.1,1.2,0.228494430892169,1402,1206,0.936193728353828,5,47.6164400577545
0.0216218297339165,0.134515655294468,0.02490654330627,0.118005539347129,4.4,0.65,0.887995874043554,1081,597,0.456314294831827,6,32.1565248966217
0.0235910736841995,0.0499837622777714,0.0258109106701055,0.0518590042731028,4.45,2.1,0.195034987293184,1393,1381,0.681155922124162,11,84.7367370128632
0.0254333915944089,0.0177808940226189,0.0272095434330754,0.0187501250826429,3.25,4.65,0.20000206772238,924,1927,0.255354751832783,4,90.3093011379242
0.0318395198218854,0.0127436293421765,0.0324796067194831,0.0136258294609431,1.95,4.9,0.779272422660142,1970,1850,0.17889462551102,4,100.524249076843
0.0314250590144268,0.0351061434444612,0.0336214407097666,0.0361448982807592,4.3,3.85,1.57625174801797,1222,1443,0.836879204260185,11,74.340096950531
0.215229680740192,0.0378974777263515,0.146051080707931,0.0440720493637835,0.35,2.7,0.723193337675184,724,622,0.552846452221274,6,59.7821378707886
0.0285705926495746,0.0387358853630923,0.0301036673604343,0.0408995779925683,4.95,3.65,0.0971159138716757,536,1373,0.794067725772038,7,37.2948760986328
0.0336539750215109,0.0381616578925422,0.0346693224887062,0.0384686447501466,2.85,2.5,1.04135661059991,1189,1575,0.515426043886691,7,58.4181251525879
0.0509524109594514,0.0225921501806103,0.0530165489938687,0.0237166953830187,2.1,4.75,0.552379143889993,551,1771,0.472582957707345,4,39.4659378528595
0.0275579918081776,0.101590389711989,0.0301339954740786,0.0942053683136058,4.6,1.15,1.79641772713512,1100,1400,0.984582008095458,4,34.7066469192505
0.237299927804971,0.0277994029984535,0.12034145488417,0.0360680810639694,0.25,3.55,0.705864218994975,1761,1414,0.800549392122775,6,106.703773021698
0.10275233484238,0.0169089264330707,0.0977171525197887,0.0184624793947752,0.65,3.95,0.00023177033290267,1397,1910,0.466582597233355,5,87.7647190093994
0.0147569193560263,0.0383204444522419,0.0163304909588013,0.0413455425113872,2.1,0.75,1.32578791445121,1373,1745,0.0385395935736597,5,60.4373950958252
0.0310593375310209,0.0271025369294108,0.0329550033444309,0.0284797893241979,4.1,4.7,0.947214067913592,1710,1945,0.985894468147308,7,134.257725954056
0.0199818637211833,0.127964314637374,0.0219378186358205,0.115929974290725,4.65,0.65,1.05912286508828,1083,780,0.450556857977062,4,37.5153570175171
0.0410001755485473,0.0341655939396378,0.0410827531795709,0.0372399709628547,2.75,3.3,0.122499867342412,1269,501,0.516223244601861,7,30.6724770069122
0.0248985550517427,0.0415920388453742,0.0259437400534049,0.0425332486912725,4,2.35,1.89474499039352,1680,1478,0.488154644379392,5,65.6391658782959
0.0280862485214914,0.0224289461333495,0.0293093575856743,0.0242598345467583,3.55,4.45,0.698610266204923,1718,1888,0.540237091481686,4,80.2939620018005
0.0121408600529494,0.0161091501558268,0.0132792791569122,0.0172792256225345,4.85,3.65,0.605269660241902,1995,1243,0.095218739239499,5,57.4786560535431
0.0241661814212099,0.0290078709788675,0.0257594133412157,0.029607019547982,4.45,3.7,1.95382912363857,697,1826,0.344046893995255,6,74.4081981182098
0.0247160968281435,0.0274143921757577,0.0255166317378127,0.0282757495235667,1.8,1.6,1.66387638635933,548,1510,0.0505474631208926,4,27.8792278766632
0.0269881209620891,0.154643525740438,0.031117235669329,0.114242414248827,3.9,0.5,1.68708505574614,1279,1284,0.778965474106371,6,53.3777079582214
0.03647284231419,0.174648042496455,0.0423895717190172,0.144931438288944,2.4,0.5,0.0129644037224352,529,702,0.507806453853846,5,37.2878930568695
0.0792174569620602,0.0835331372438743,0.0781344767754905,0.0833949175540079,0.6,0.55,1.00143530359492,1997,734,0.31232165847905,4,93.7333381175995
0.0715761235886051,0.0446881883138873,0.0690024352828716,0.0464141112463901,1,1.6,0.262476393952966,1776,1611,0.660240647150204,5,102.958077907562
0.0367810929132815,0.0392718062998625,0.0388810126908816,0.0422421150489938,4.65,4.35,1.40911533730105,605,528,0.66772099910304,4,19.2703320980072
0.0845037205950027,0.041117549047624,0.0831760727259045,0.04214937226696,1.3,2.7,0.420688433106989,937,1071,0.892953397007659,4,49.6066060066223
0.0276628451860778,0.163515130343283,0.0296832722512586,0.14112801576887,2.8,0.25,1.01532786246389,777,958,0.203848191071302,6,126.211272001266
0.115790511150453,0.037959039343934,0.104471783350889,0.0402230313388967,0.7,2.5,1.8947914452292,1219,1660,0.823712305398658,5,63.9754898548126
0.0257993287291046,0.0320305520191751,0.0275039577378319,0.0342275669175344,4.1,3.3,0.263714249245822,1956,1700,0.744945479324088,4,90.6341781616211
0.0273843729459031,0.0259622660507776,0.0279566134748489,0.0268441415715666,2.7,2.85,0.27849019318819,1037,1906,0.279884238261729,11,85.641242980957
0.0429680963547028,0.0333539045697459,0.0431576447024646,0.0352809626497804,2.55,3.3,1.30566672049463,1834,1575,0.836089636199176,5,93.7786459922791
0.156261841456293,0.0291005187131823,0.130437064250271,0.0336076435241816,0.7,4.2,1.3343672552146,1005,869,0.993181162746623,5,46.3525140285492
0.0288572398586818,0.0236379230375887,0.0298774126762948,0.0254326633300099,3.6,4.4,1.00038235587999,1438,1432,0.460940886754543,5,47.9083228111267
0.122519441519921,0.0325446940892454,0.110568100014254,0.0335754809414926,0.45,2.5,1.97219046391547,855,1457,0.359412436839193,6,89.6424560546875
0.227900853928209,0.0465072620769701,0.125918247268233,0.0560676400552002,0.1,2.3,1.40910385781899,1877,1864,0.474962666397914,5,166.468945026398
0.0519997237360459,0.0741564003230821,0.0515166412121269,0.0741003683212913,1.65,1.1,1.59230925142765,696,1169,0.421882768860087,11,77.2345860004425
0.0556639533396927,0.0363823455523606,0.0550447621228392,0.0365523867236526,0.3,0.8,1.74312825454399,1816,1338,0.0463098310865462,4,64.9936511516571
0.0326856575725671,0.0931935925961879,0.0343325957017373,0.086207733670442,2.65,0.85,1.54586446797475,1603,1850,0.747246557381004,4,98.3906919956207
0.0262288053055321,0.0675395204831905,0.0278877264499074,0.0673317519478672,4.5,1.7,1.60322603490204,658,1388,0.584209681022912,11,87.1296780109406
0.0241023990271607,0.220386532373195,0.0311405648767854,0.129474988363397,4.25,0.4,0.462530312594026,1437,932,0.904398502781987,5,92.8721930980682
0.109744769757315,0.0227178521976272,0.100660151353314,0.0247220542338865,0.55,3.2,1.32488285936415,1634,1044,0.336563327815384,11,96.4713118076324
0.0615587959922829,0.0377599052062234,0.0604898690607782,0.0383766730593832,0.95,1.55,0.46772211836651,1941,1412,0.357005295343697,4,79.7782988548279
0.0282875593361118,0.0546616626696122,0.0286648229886368,0.0542280229276037,1.3,0.65,0.786299593746662,1529,1005,0.0803214672487229,5,33.7519798278809
0.0355904362772605,0.0255557106279435,0.0366883988641182,0.0267848570981308,2.15,3,0.445458256173879,1086,1582,0.285144374705851,4,32.6533238887787
0.34070613654433,0.0934891218874599,0.127584551917275,0.11042726314573,0.15,1.15,0.541853819973767,787,1098,0.791594952577725,5,55.2194948196411
0.0564767607460209,0.0406206778984058,0.0578927007455043,0.0435961226886598,2.3,3.2,0.142269247677177,1035,565,0.789838934084401,5,22.7639400959015
0.0402330474538699,0.141099942538658,0.0439650094539273,0.126107568954131,3.1,0.85,0.936474351212382,808,649,0.988005806691945,5,58.5014610290527
0.0358040076389737,0.0548545631935892,0.0383489326425197,0.056517203825033,3.3,2.15,0.621668707579374,530,701,0.440080519765615,4,26.4717710018158
0.0406307410023641,0.0269810752040072,0.0437442309641295,0.0281195758500102,3.25,4.9,0.406406767200679,1811,528,0.709049209021032,7,56.702644109726
0.0255452101750213,0.00921728264677571,0.0276745840538948,0.0103650390680602,1.1,3.25,1.67157035460696,1439,1224,0.0173699192237109,4,31.3455400466919
0.0305928486606516,0.0366134626610921,0.0317344653954017,0.0397789026662436,3.95,3.3,0.045427612029016,1988,754,0.811419699108228,5,90.0403778553009
0.0975583417373597,0.0252682822936932,0.0967576824786748,0.0278109230106021,1.15,4.5,0.563632846344262,573,520,0.408703511347994,11,46.3762469291687
0.0482818261876915,0.0459928355210034,0.0499654930262721,0.0469036330000291,2.05,2.15,1.27213302254677,1315,1268,0.634706133743748,6,47.5693669319153
0.0409377881383461,0.0248994500188451,0.0416966765990551,0.0261548965381651,2.9,4.8,1.55757418833673,1907,1653,0.853717293823138,5,100.483870983124
0.114514909127221,0.0852427022401488,0.104091979504531,0.0850497442253649,0.35,0.7,1.61045170854777,1121,1853,0.483762723626569,4,62.979532957077
0.0386667143210438,0.0286940972754234,0.039432171340275,0.0297191942878036,2.1,2.85,1.13496571918949,1980,1642,0.444534291047603,4,93.9889130592346
0.0580580563777422,0.037710882146807,0.0580377666996624,0.0381612299028633,0.8,1.25,1.73679607268423,1557,1299,0.162384402472526,5,57.5939958095551
0.0323536527245505,0.0995937425036099,0.0337703818821734,0.0955694061205105,2.65,0.8,1.22670263703912,840,1127,0.456729869823903,6,56.359365940094
0.0109782555498052,0.0143813265925204,0.0130186652226355,0.0166447919283537,4.15,3.15,1.95932545419782,738,935,0.0209399114828557,5,66.6237301826477
0.0509151635992307,0.0172492549006327,0.0512757499345599,0.0182454030369415,1.05,3.1,0.0665989946573973,777,1459,0.119132328312844,4,48.23606300354
0.0432927991084666,0.028731807367021,0.0468207912490438,0.0299703899096734,3.25,4.9,0.22161615639925,1365,635,0.84869709587656,10,68.341808795929
0.139136200620911,0.0214061206026756,0.122558360060461,0.0235789120928006,0.3,3.2,1.10969748906791,1813,689,0.188987802481279,11,166.933938026428
0.0247448081343861,0.0263490125136143,0.0264728536627099,0.0271680790035264,4.1,3.85,0.651558577083051,1681,1566,0.517262126551941,8,94.2168319225311
0.0306428700836295,0.0244285151952312,0.0318662316986825,0.0252885700028304,2.95,3.7,0.53956043580547,1669,1661,0.470463844481856,4,66.6788280010223
0.0337284578531439,0.0710911270054545,0.0351572304615084,0.0705004879072595,3.3,1.5,1.87644306803122,540,1847,0.585016525816172,4,46.8585531711578
0.0940441575431641,0.0695570444715125,0.0860673341290493,0.0709665565494535,0.85,1.15,1.99445392563939,1804,1458,0.911619134247303,5,105.69739484787
0.0153568354948838,0.0132683452331824,0.0173560041253137,0.0152275609399444,3.45,4,0.532393041066825,671,769,0.0355071648955345,4,37.1757340431213
0.0269936975308228,0.0430741104500649,0.0286954583525408,0.0434500828620074,4.5,2.8,1.73875930905342,1314,765,0.517945672152564,6,55.0683298110962
0.0157212640976928,0.0125459174049939,0.0164865699837025,0.0133059076608664,3.75,4.7,0.322697498835623,1785,1151,0.0934381689876318,5,42.7715680599213
0.764783304088348,0.0297199128496287,0.119522984343653,0.0495903722347466,0.05,3.8,0.0966630880720913,1055,1956,0.458446764852852,4,58.420912027359
0.0307992907018144,0.162996518471725,0.0350875908548451,0.12966870437302,2.5,0.35,0.747630660887808,1703,624,0.370834776433185,5,59.5755860805511
0.0636285302521873,0.028800962681952,0.0630384320953957,0.0307859149394595,1.55,3.45,0.447981575503945,1948,1207,0.819847568869591,7,97.1455960273743
0.0605711946783157,0.0431470141595886,0.0617369164437962,0.0442513244262481,2.15,3.05,1.47414144361392,610,1460,0.857281818753108,5,44.4598889350891
0.0724957392763195,0.010115678512052,0.0706105049056494,0.0107327762190506,0.5,4.9,1.69849181408063,1679,1303,0.0827839337289333,4,53.7837650775909
0.0455741121766228,0.0455741121766228,0.0462289694121204,0.0452959838196893,1.9,1.9,1.87409593351185,1837,1808,0.64983738749288,4,96.3839900493622
0.0338270848551807,0.0686048072961155,0.0348156161307273,0.0683987968108293,3.7,1.8,1.18446259992197,825,519,0.560449024662375,4,33.9643559455872
0.0598579839527569,0.0223177477356655,0.0594516414884198,0.0240969647152812,1.5,4.05,0.297983301337808,1469,1264,0.524488035356626,5,44.6544561386108
0.0280092100446537,0.0844921676797187,0.0296881319178147,0.0836949617465388,3.85,1.25,0.686706460081041,1626,1358,0.960840723011643,5,67.7852430343628
0.0548374212757158,0.0296131930580105,0.0544585380751356,0.0301974302504492,0.95,1.85,1.31261574290693,1297,1741,0.198866320773959,4,51.7512159347534
0.0986373791248738,0.0189421143628036,0.0931960590310337,0.0201538176345163,0.6,3.65,1.21735504362732,1088,1762,0.301474248757586,5,50.1554911136627
0.0173163628649064,0.0996777266411307,0.0187648027733246,0.0946374504580937,4.8,0.75,1.3439565054141,1751,893,0.384994460036978,6,125.373407125473
0.0292877768018489,0.0276711366356656,0.0298952275614154,0.0281568931252439,2.45,2.6,1.06952925398946,1100,1778,0.23326698387973,4,39.8588860034943
0.0316965215158148,0.0416266755951939,0.0331078407440802,0.0425534803906035,3.05,2.3,1.39428377943113,553,1912,0.361800017300993,6,63.089802980423
0.0579939607906507,0.0416930672970799,0.0591493412076011,0.0419708386060407,2.05,2.9,1.91881120344624,1808,715,0.80820871796459,6,89.8651931285858
0.0187041149760225,0.0345777322539469,0.0223131750895089,0.0407173645129132,0.75,0.3,0.481934392359108,1799,975,0.00610757456161082,4,92.9843919277191
0.0658020205587208,0.0851968059425349,0.0648608884865672,0.0837493542731706,1.1,0.85,1.79505217261612,1685,1862,0.772341363830492,4,113.394198179245
0.0226172209040528,0.0674977393903913,0.0241485467913457,0.0672668838426646,3.9,1.3,0.208273967262357,1483,1501,0.573926331242546,5,63.7372100353241
0.0352221868430144,0.0124899079717255,0.0377313590544677,0.0138882635977586,1.25,3.6,0.726209255866706,867,1161,0.0482242365833372,5,45.6164469718933
0.0636722257737534,0.024452344505896,0.0627743354533357,0.0258250296084768,1.4,3.75,0.95746665308252,1339,1676,0.554339245660231,6,71.9586539268494
0.0586506712451791,0.0200036344947043,0.0580788344320992,0.0204832273708998,0.7,2.25,1.36694162618369,1521,1894,0.125737205846235,4,73.5665609836578
0.0162916294908362,0.0237599265586808,0.0173751898923569,0.0249345546703186,4.45,3.05,0.746310743037611,1332,1844,0.190577748697251,4,54.1354689598083
0.139442575336522,0.0383903214281549,0.127048134899858,0.0419221919604185,0.6,2.3,0.540469602216035,559,795,0.472769215703011,5,46.5360269546509
0.0506374164531422,0.0286204626077286,0.0509934262360109,0.0296782404861291,1.2,2.15,0.621723018586636,817,1416,0.174082414014265,11,117.943162918091
0.148383813412139,0.0289502338919793,0.138342810847843,0.0314113826967141,0.7,4.2,1.78325229650363,918,827,0.80836849170737,6,128.729158878326
0.323870999268603,0.102810204844837,0.113502939102326,0.114610546072351,0.05,1.7,1.83188965125009,1078,530,0.444658885477111,5,27.9224991798401
0.0450932169122241,0.0407091852295704,0.0465122195209785,0.0416800103215005,2.25,2.5,1.29858428798616,1713,1314,0.708563365507871,6,72.5434589385986
0.0749130148902278,0.0163388058163819,0.0733358798270535,0.0174955450370864,0.85,4.3,1.6742819189094,1429,877,0.1917704064399,11,132.796377897263
0.167305096111222,0.0320074452280849,0.133297561277149,0.0356189668841437,0.5,2.65,0.0673582111485302,995,781,0.647559781325981,5,115.968135118484
0.264751064623946,0.0296187929532128,0.138267584426773,0.0377632929012286,0.2,3.65,0.75585705973208,756,1180,0.499563712859526,5,50.5314679145813
0.0272910386975459,0.0518649581832695,0.0296458412515686,0.0535957240280057,4.3,2.25,0.822903558146209,867,1297,0.617349455831572,9,91.2565939426422
0.0699384879111461,0.0524819950677888,0.0663442464940558,0.0539415680098806,1.5,2.05,1.66837195120752,1103,1349,0.87057866062969,11,72.9573450088501
0.0313146899264781,0.0344096582341681,0.0337532009736098,0.035670076080016,4.45,4.05,1.67484390549362,1721,870,0.794774055480957,11,169.158014059067
0.0822800357238179,0.0376187533270814,0.0785512014966741,0.0384790599022066,0.5,1.2,0.720697387121618,1977,672,0.144943063845858,5,88.1087901592255
0.132561654122446,0.0548553334843908,0.105210078447291,0.0599155687288506,0.45,1.1,0.0477314051240683,1677,1326,0.57461112132296,4,69.47864985466
0.0210301530457419,0.0279518577292566,0.0220875873236374,0.0284481760389209,3.4,2.55,0.902754801791161,1482,1394,0.205207513878122,5,46.781818151474
0.0925273884456663,0.0503894612446068,0.0925386994421083,0.0518125729890706,1,1.85,0.468951504211873,1979,793,0.954465564806014,5,122.526381015778
0.0217231259472773,0.0157038821825303,0.0229110445338969,0.0166140980617155,3.25,4.5,0.621108653023839,1571,1326,0.15888299443759,4,40.0623588562012
0.0566345999858227,0.0239254122239261,0.0582145971164091,0.0253017804891822,2,4.75,0.619185596704483,1035,648,0.478395187295973,4,21.3974528312683
0.067746433673972,0.0370439673699883,0.0665508015237985,0.0381076954330474,1,1.9,1.15508843632415,889,1198,0.282524989917874,4,50.3618848323822
0.0311828866857768,0.044802450545144,0.0320960292446911,0.045093205746027,2.85,1.95,1.87267404422164,1819,924,0.387033741688356,5,107.804354906082
0.0287389518316348,0.032015176681512,0.0295209918590992,0.0332657501896387,3.75,3.35,1.89956987090409,1574,1793,0.588878690032288,5,95.191920042038
0.0228440566068807,0.194489397174376,0.028483868320632,0.114735736039903,4.1,0.35,0.813974482472986,1006,1975,0.678714367561042,5,74.6603529453278
0.0239037033847022,0.0759852292920121,0.025251995948078,0.0761714182119843,4.85,1.45,1.61898619588464,1453,892,0.650374632095918,7,104.022675037384
0.034657056838463,0.0482185955760083,0.0355853031170521,0.0488689705399176,2.95,2.1,1.35597783280537,1590,1270,0.64288601395674,11,100.461342811584
0.0522279814085714,0.125752911559636,0.0564280341136871,0.113998722475906,1.05,0.4,0.271440212149173,881,1471,0.303570879390463,4,75.7425858974457
0.158283072541644,0.0319121754187733,0.113384857706753,0.0371844660154934,0.45,3.1,1.56881305063143,1404,1390,0.795277187367901,5,63.5081341266632
0.0459877676298208,0.0713654523048862,0.0465350902297509,0.0687041742366482,1.55,1,0.358554593287408,1299,1160,0.467735148733482,7,48.9573850631714
0.0883209753961205,0.0644811088816074,0.08545533233083,0.0646819257737233,0.8,1.1,0.415528306737542,1617,1944,0.890425267163664,4,106.603422880173
0.0317462229670534,0.0412716752462045,0.0329572114123787,0.0429603870991343,3,2.3,0.492164571769536,1127,1288,0.479608386289328,5,30.2620189189911
0.0296554672439814,0.0285571656352975,0.0303272379491877,0.0292891673702612,2.6,2.7,0.000703834462910891,1657,1045,0.332227242644876,6,42.6188621520996
0.0284454425724174,0.0551121941283341,0.0296314276332586,0.0558967177393655,4.75,2.4,1.94070882676169,1227,1419,0.92994117946364,5,43.7607560157776
0.0687358146640476,0.0338712136466593,0.0685374310592253,0.0353899009280579,2,4.15,1.98110628360882,798,1411,0.975071951281279,5,64.001727104187
0.287655754693485,0.0199105153110498,0.125795079186322,0.0278341795630494,0.3,4.6,0.0808731839060783,1474,1530,0.917188368970528,4,66.0026400089264
0.0276202587283905,0.0195587781206962,0.028677365413154,0.0205833472518901,3.2,4.55,1.89884357666597,1121,1605,0.242433537263423,4,31.467976808548
0.0381431953486747,0.0596574625546355,0.0400253284995027,0.0604381356578729,3.05,1.95,0.0681153787299991,594,1860,0.934426857857034,5,63.606015920639
0.13490998756511,0.0173959539478832,0.121012422513014,0.019354487228397,0.6,4.85,0.349642945453525,993,1611,0.589305022731423,11,247.265244960785
0.0286215930729781,0.065414950400495,0.0302491812453146,0.0652272878362146,4.2,1.8,1.62470984691754,920,1013,0.62302717496641,7,57.9012010097504
0.0117280585475705,0.0117280585475705,0.0131192782189326,0.013146097235713,3.85,3.85,1.7736712587066,1859,1586,0.0423003099858761,4,66.3122959136963
0.0492288720699188,0.0183042498853458,0.0494469926213782,0.0198005416483026,1.6,4.35,0.656694358680397,1181,969,0.247083753813058,6,65.2253739833832
0.0974160985064571,0.0174824516473353,0.0947099196508818,0.0186461835734331,0.45,3.05,0.82747334940359,1051,789,0.106341352919117,5,37.8856909275055
0.0268651998098854,0.0616128429967262,0.0281723015287301,0.0607183582658223,3.9,1.65,1.55420814314857,1075,1211,0.536094426643103,11,50.8702671527863
0.0971285326110275,0.0440389977211131,0.0950373439849522,0.0460560787200857,1.15,2.55,0.366572946775705,1825,534,0.999821794917807,5,58.2551410198212
0.0608149650927084,0.0234984257564386,0.0604115000366667,0.0249776552203065,1.85,4.85,1.11963024409488,1097,1298,0.665357581339777,5,30.2625908851624
0.0327464633195736,0.031623177650019,0.0350230803552808,0.0343383526027049,4.25,4.4,0.810229551978409,703,1378,0.705242208903655,4,37.8666300773621
0.0212870170679117,0.119546729420055,0.0241445000324862,0.107003626198048,4.35,0.75,0.601265135221183,1813,872,0.694432193180546,5,107.564149141312
0.0438139471883194,0.0265931029291273,0.0442439964082935,0.0288270251182084,2.6,4.3,0.783691875636578,1610,1642,0.854546841932461,5,79.776515007019
0.0240484838077399,0.0313567822389123,0.0253900742223649,0.0323675803301375,4.9,3.75,1.15743695711717,1041,1470,0.530442893272266,5,30.0095250606537
0.0994549202218618,0.0278764940502968,0.0988553550637273,0.0309573359912405,1.25,4.5,0.379894802346826,538,1742,0.964368088869378,5,48.8284709453583
0.046728031094489,0.0165674646001518,0.046840070042937,0.0177943684904392,1.75,5,0.965800052508712,1975,1742,0.412619183771312,4,102.173207998276
0.354608232409902,0.129965362705307,0.118171753384493,0.123026447737353,0.05,1.2,1.59016479691491,1446,882,0.694943967973813,4,82.8959848880768
0.0458867759814778,0.0335351563263197,0.0462808070437708,0.03441164548513,1.9,2.6,0.608308345545083,1582,1482,0.576235015876591,11,125.235660076141
0.108417539868666,0.0410521412491324,0.106031467754358,0.0421584716530885,0.95,2.55,0.692125673871487,684,669,0.604374774731696,4,40.0770409107208
0.0300019235494599,0.0278044184333221,0.0308705944938539,0.0292166817337072,3.75,4.05,1.48139801248908,902,1724,0.484796424861997,7,115.267924070358
0.0210366158823419,0.131268263285098,0.0231802042204423,0.114483648223543,4.95,0.7,1.37804400688037,1992,985,0.837044475134462,5,155.282110929489
0.143548760435192,0.023489941954897,0.119017796244229,0.0254548000333832,0.25,3.65,1.90839020721614,1644,1212,0.276549495989457,5,65.0257639884949
0.0324249709578532,0.0258776997181944,0.0339034423437273,0.0274786989506223,3.95,4.95,0.330316032748669,1285,707,0.590218506986275,6,44.2144520282745
0.0211030819010826,0.167731965129389,0.0250720338512322,0.122159183468251,3.25,0.3,0.561956124845892,1755,1811,0.390315019758418,5,131.692120075226
0.0108817721700514,0.0120668280290127,0.0142335674717143,0.0153862962583181,4,3.6,1.05011256411672,634,1402,0.023201436502859,5,32.1841099262238
0.0355386312145729,0.0756261263220402,0.0371032587490542,0.0737295062317013,2.9,1.3,1.37877493537962,1726,894,0.693449198268354,6,124.749141931534
0.0522653988506405,0.0345559888060169,0.0533922920364102,0.0352555887745428,2.45,3.75,1.47452616551891,562,754,0.489701881539077,11,73.236839056015
0.021332347158827,0.0204448782455647,0.0228415660990568,0.0215338550094776,4.6,4.8,0.0483751795254648,1987,513,0.287021025083959,4,41.5733289718628
0.0549077673934559,0.0648194340380855,0.0551826069049949,0.0643221409751435,1.85,1.55,0.782409778796136,513,1952,0.751745223533362,5,57.5978538990021
0.017564564616783,0.0673801586741654,0.0188476327191796,0.0667526293472561,4.85,1.25,0.425354642793536,1531,1023,0.37570392456837,6,39.7142882347107
0.0281746062762647,0.0373252710407007,0.0294376447973003,0.0380172629350878,3.65,2.75,0.896746662445366,1621,1957,0.728169131325558,4,86.7542479038239
0.0233557208908058,0.0250862262593191,0.0248188582018528,0.0264571569708609,5,4.65,1.40498361922801,1281,1303,0.456891235895455,11,60.2491600513458
0.0919237269382941,0.014203572876508,0.0864021590515113,0.0155072811976418,0.7,4.65,0.38326369272545,1938,1431,0.362778174225241,4,84.450963973999
0.0352446578265424,0.0307865786813785,0.0356472974519076,0.0327032384823278,2.75,3.15,0.435104136355221,1461,620,0.374685152200982,11,74.9014859199524
0.0482387446575829,0.0424531055219262,0.0493966852357137,0.0430475572755253,2.5,2.85,0.568738139234483,521,1080,0.620546012185514,4,16.7759461402893
0.07250921746322,0.025739187786293,0.0708824043307082,0.0273179389692972,1.5,4.45,1.89003013027832,1472,834,0.604753115214407,11,132.406196832657
0.0259668592237833,0.179367484741772,0.0306765823675292,0.115066579195994,4.45,0.45,1.66375503735617,1341,1330,0.963809948181733,4,45.0466251373291
0.289662782994806,0.104004312972297,0.106052225684064,0.104563715953367,0.05,1.2,1.49088954180479,1427,1657,0.493939742678776,4,83.3830080032349
0.044951720284135,0.0472523839190107,0.0465230947753188,0.0474966826750382,3.1,2.95,1.69405911536887,1091,1009,0.959906100528315,7,26.7715649604797
0.0540976715266523,0.236922694970258,0.0653805619974944,0.112992174269971,1.95,0.25,0.888111947104335,1262,1052,0.889050198718905,6,41.9113280773163
0.0205689870747194,0.0241598390160724,0.0212743207474654,0.025295804347256,3.9,3.3,1.9547425294295,1761,1297,0.212416697526351,4,43.1064138412476
0.0290286111615045,0.0375817043628045,0.0299091637846061,0.0392071579425084,2.85,2.2,0.169194903690368,1117,1738,0.416552478214726,6,54.6781740188599
0.0529679216151114,0.0480791390432665,0.0540224513805685,0.0492453688314549,2,2.2,1.38664694270119,613,814,0.421281653689221,5,53.03626704216
0.031492436062413,0.0640220972246594,0.0326348589427514,0.0639662265368633,2.85,1.4,0.0543240862898529,700,1489,0.501940338406712,5,53.1724388599396
0.0223413687416778,0.035019800030428,0.0239254384363015,0.0354951663866975,4.1,2.6,1.05512651102617,1385,1499,0.380526359891519,6,55.6866180896759
0.127752029544142,0.146319469110618,0.114907164013239,0.110892254067854,0.4,0.3,0.484064668416977,1236,1247,0.451439227210358,5,51.7961919307709
0.132227294994301,0.0246003513250837,0.108191037900764,0.0282477187834255,0.6,3.45,0.595100167673081,1772,1210,0.745495465118438,4,62.5198540687561
0.0550171439182109,0.0365918789056568,0.0548823874182403,0.037971410172947,1.55,2.35,0.745086421724409,826,821,0.322004025336355,4,67.3947138786316
0.0164822662093204,0.0317203384312228,0.0176890181101854,0.0327481332239201,4.35,2.25,0.716720743570477,859,1681,0.162071750266477,7,93.2703790664673
0.0740500181518556,0.0665550175107756,0.074393367099604,0.0659188629875714,0.8,0.9,1.87213776214048,1498,756,0.322429521009326,11,147.26091003418
0.0756947727164113,0.0424922599416634,0.0742562793706252,0.0445959502426312,1.8,3.25,1.50435039587319,900,507,0.770488903159276,4,43.4218780994415
0.0265845938287548,0.0307374787625393,0.0292527693305927,0.0317037563744372,4.45,3.85,0.20972149586305,541,1427,0.471280416240916,7,39.182296037674
0.0867226399080851,0.0164018233007894,0.0855664752141591,0.0176567289292843,0.85,4.65,0.778202685061842,989,1234,0.297279519727454,11,150.529899120331
0.0288318061866933,0.119172319394925,0.0330370526923884,0.11358429965198,4.35,1.05,0.24680013442412,1262,509,0.937893195310608,5,27.2449948787689
0.027336963407587,0.0266545985715806,0.027913385282897,0.0274490777706704,1.95,2,0.516598515212536,1892,891,0.125009652692825,5,99.7138290405273
0.0304936468779355,0.0357848776109012,0.0335775471896511,0.0366913777683033,4.4,3.75,0.507811508607119,843,1353,0.797051109373569,6,66.2921869754791
0.051544713464465,0.0640265599008281,0.0524237938182407,0.0641761556343801,1.9,1.5,1.16465345490724,1060,1677,0.82135139638558,5,50.7206192016602
0.114685222951768,0.476489609456193,0.13353307943711,0.136145723793785,1.8,0.05,1.03526245662943,629,729,0.824860256630927,4,46.4364700317383
0.0274899349357199,0.0206584030905,0.0284070646218825,0.0219860381730305,3.75,5,1.08506499882787,1437,670,0.282307037618011,6,45.7490508556366
0.0342404683086599,0.0191073382023342,0.0356017488514258,0.0202195530244118,2.2,3.95,0.340679151471704,1201,544,0.147798733552918,5,21.5565948486328
0.0212743763732544,0.0159564523113678,0.0232421049067113,0.0173760293129786,2.1,2.8,0.133417145349085,553,815,0.0334579031914473,6,38.9031410217285
0.0299077583520918,0.0397302629295978,0.031542100467567,0.0415476522159872,4.6,3.45,1.30486321868375,1193,1661,0.992548540700227,11,92.3696351051331
0.0260155384197661,0.0223812492270436,0.0266239931605654,0.022970255646329,2.4,2.8,0.607430126518011,1663,1926,0.207715730648488,4,81.4379711151123
0.0248962050022238,0.0722405666349036,0.0269980321449389,0.0705440061230649,4.35,1.45,1.26020034309477,1130,1631,0.706695564789698,5,53.9509680271149
0.119678898553509,0.109946969996195,0.107861348274242,0.103739272242658,0.5,0.55,0.161187939345837,671,1596,0.625381579156965,5,74.1756818294525
0.0234291734778235,0.0264649003315395,0.0243021054667527,0.0277445696395587,2.6,2.3,0.373363747727126,1058,553,0.0893710476811975,7,23.1535179615021
0.0902127814239226,0.0337633743297471,0.0875449740154345,0.0347903198346764,0.45,1.3,0.392666240688413,1133,1912,0.175622260430828,4,57.2284209728241
0.0160156522297483,0.0167113733731754,0.0168046258306671,0.0177822186746293,4.8,4.6,0.025858839508146,756,1242,0.133198029128835,5,36.7237949371338
0.0728447559391593,0.0762323525409416,0.0739477730759054,0.0768254967513585,1.15,1.1,0.299424570985138,1530,586,0.59069149219431,4,42.1220190525055
0.0278946948939397,0.0355295013667393,0.0292389365129434,0.0360508084389264,3.45,2.7,1.55087775271386,1365,1095,0.376657660352066,11,54.598396062851
0.0213459866189534,0.0210197927060432,0.0224522689051314,0.0220238373330933,3.25,3.3,1.06051927804947,1408,1829,0.178501912858337,5,63.4825410842896
0.0308798858766339,0.0830894813172366,0.0323547403289846,0.0784679202336981,2.3,0.8,1.39802254363894,1321,1305,0.35928930179216,11,86.4743340015411
0.0312731365157041,0.269005455902449,0.0388912928742317,0.15669269863099,3.5,0.1,0.902988837100565,756,874,0.217549464665353,5,90.759997844696
0.223977350754887,0.0217977328970091,0.131587415338052,0.0279489116232002,0.35,4.5,0.509090404491872,1374,905,0.689515084726736,4,67.2753109931946
0.0398186369464903,0.0855551289395919,0.0415231931417286,0.0856234311564541,3.1,1.4,1.13447368517518,923,523,0.65382110956125,11,107.169877767563
0.0592470733757045,0.018500343830522,0.0589042993827747,0.0196315407734581,1.2,3.9,0.547612315509468,1588,1801,0.341624837368727,7,112.088604927063
0.153281703578352,0.0307707228941433,0.120419962384585,0.0344590538607092,0.55,3.5,1.65742033533752,821,1307,0.748965889215469,5,65.480367898941
0.266002275843908,0.0334414581349638,0.144390903801883,0.040008501775152,0.1,4.05,1.54002953181043,996,1441,0.419801834737882,11,214.830534934998
0.0278734264260115,0.0131696946090886,0.0286067217738909,0.0142145660728142,2.35,5,0.605873014312238,925,681,0.0784484506584704,6,69.9597749710083
0.0423679150692295,0.0297072178342831,0.0438199262609404,0.0327065123404269,3.05,4.35,0.5850685313344,1058,1260,0.823258149670437,11,48.8791229724884
0.0249513066998123,0.0237702163309482,0.0260492271180328,0.0247008353977398,2.05,2.15,0.711098255123943,1068,513,0.0547134720254689,4,14.2391970157623
0.0786668560044048,0.016922374901251,0.0777550963788009,0.0174638956264751,0.35,2.75,1.58397479588166,1876,1465,0.0891620947513729,4,79.3966398239136
0.0203292045510702,0.0717001795852057,0.0212391969725949,0.0710082309957269,3.5,0.95,1.12123967241496,525,2000,0.21804612968117,5,31.1980850696564
0.115532676904849,0.0203161694323965,0.10244553874496,0.0219910075747196,0.4,2.65,0.438171471469104,1522,1215,0.203482986893505,5,54.6476299762726
0.0385628643964668,0.0111214927966947,0.0397976968412254,0.0121447864833591,1.35,4.7,0.159574492368847,1739,1647,0.12434078915976,8,110.339135885239
0.0286530289359719,0.0456823257613377,0.0309934124481033,0.0461645243486335,4.15,2.6,0.209036969579756,717,1466,0.696865408215672,5,52.5579810142517
0.0347937966971519,0.028543754686785,0.0370392178728641,0.0305009100421406,3.4,4.15,0.469787255395204,1673,981,0.692976141115651,6,116.396563053131
0.0691819380749979,0.0200544504206778,0.0685152624671263,0.0209194968679509,0.8,2.9,0.916289781685919,1355,1771,0.233925321837887,11,128.604248046875
0.0812623907228751,0.0280651711894186,0.0801923448300552,0.030673611267301,1.1,3.2,0.343206646852195,1020,586,0.360757914138958,6,27.2226998806
0.00669579116447849,0.0452886497714958,0.00975908495559561,0.0626710046721934,3.65,0.5,0.377131364308298,1740,1470,0.0206995981279761,5,71.8595900535583
0.0629037140411207,0.0916549050765618,0.0634173817556436,0.086157174510821,1.65,1.1,1.13334395131096,720,1440,0.917548196855932,5,57.8081178665161
0.0370422792717197,0.0663850437706837,0.038588300124803,0.0676368012301774,4.2,2.3,1.93187941797078,885,711,0.90858582383953,4,61.6629049777985
0.11067301078993,0.0231719429860804,0.101927991709659,0.0262171452829077,0.95,4.55,0.249635799787939,751,1144,0.703813645290211,5,43.9790961742401
0.0270447229475544,0.0634215211879779,0.0284137470478231,0.0628061564712011,3.95,1.65,1.16553938761353,697,858,0.409717217786238,5,66.0050051212311
0.0160302720055368,0.0195370460637482,0.0169091536217367,0.0202021557162159,4.1,3.35,1.52718307683244,1686,1683,0.132038695504889,4,64.3274610042572
0.0397209349815309,0.0263739071483644,0.0429233606103279,0.0275605537737814,3.25,4.9,0.372749572619796,780,1685,0.781976031837985,11,135.889263153076
0.0242884752437098,0.0821911227060567,0.0255782478279909,0.080596473449327,4.9,1.35,1.86082812584937,1661,520,0.550673004472628,4,33.2287411689758
0.0399847817190045,0.0284929352649411,0.0421103293858182,0.0312570601828059,3.1,4.35,0.425339986104518,814,983,0.572679230710492,11,187.371541023254
0.030379569252083,0.240554438997748,0.0370498135164613,0.138736024694298,4.1,0.25,1.38509797491133,1317,812,0.707096292171627,5,70.4067878723145
0.0223124696174855,0.0334624807607133,0.023472454288518,0.03469834814509,4.6,3.05,1.6619896935299,1747,814,0.351489615160972,11,142.265008926392
0.0324999549630457,0.123347970761497,0.0366818355301533,0.114586635415954,3.25,0.85,0.339961734600365,1662,529,0.884652026696131,5,45.8591818809509
0.178800271417152,0.0523953114835507,0.112076436330358,0.0598870968990155,0.25,1.8,1.41838956717402,1360,1682,0.709411276970059,4,69.7696158885956
0.130227587795447,0.01714330314317,0.11920110046134,0.0188777600831662,0.5,3.9,0.128806273452938,660,1633,0.295660878531635,5,55.4063279628754
0.0326473194720537,0.0221088600470721,0.0335206078670197,0.0235554549627962,3,4.45,1.6579955900088,827,1128,0.256599791580811,7,51.2881350517273
0.0503372825569114,0.0786618792090066,0.0512057562585779,0.0779318405830932,1.25,0.8,0.258126199711114,1805,663,0.366780477110296,4,62.5795941352844
0.0274338705691357,0.0324688352024877,0.0292852808073383,0.0341394672803725,4.15,3.5,0.777330730110407,1509,1406,0.657270658528432,11,94.4222218990326
0.133471267342221,0.0391143512135446,0.116593037328314,0.0419884610583786,0.7,2.8,1.72467145277187,698,1583,0.906177886063233,5,67.5502898693085
0.0828323333679034,0.027410784917131,0.0776050966369624,0.0283452283598473,0.3,1.25,0.71384550537914,1829,2000,0.0816083059180528,11,159.958001852036
0.0515345463734502,0.130117398521018,0.0549418744923833,0.116168554964492,1.95,0.7,1.30239341314882,725,977,0.767910538939759,4,84.8902609348297
0.0951225783428324,0.0951225783428324,0.0918999655752778,0.0901475107658435,0.55,0.55,0.222874127794057,1811,1595,0.663074594922364,4,109.45782494545
0.0820656580610775,0.0263267985763515,0.0806830626662207,0.0283394482445199,1.35,4.45,1.64453273685649,1974,512,0.618986806366593,6,104.546038150787
0.0494741105254269,0.0451439380224628,0.0501594780220904,0.0454123385239263,2.45,2.7,1.33513224218041,726,1781,0.869545998517424,4,64.8262319564819
0.0789772509605011,0.0309568255307167,0.0757427669685512,0.0325835753887052,1.8,4.75,1.95549158379436,1023,790,0.956412107916549,7,49.9906730651855
0.015808631179849,0.244084694002792,0.0202551860658451,0.142439629112003,4.85,0.25,0.232154158875346,765,1146,0.263978149276227,4,38.1836259365082
0.115968690623658,0.321474404444782,0.105032313594279,0.114198830379713,1.05,0.05,0.951021134387702,1479,1487,0.550515998154879,4,76.7341480255127
0.0621284496827326,0.0593197791709662,0.0636532726142014,0.0606706212782503,2.15,2.25,0.966754584107548,1065,517,0.88082936918363,6,25.0514750480652
0.0232376858158841,0.0315267316492312,0.0244067887057439,0.0328490490704475,4.9,3.6,1.1264253067784,1059,1048,0.415598650928587,5,17.982990026474
0.0270725136369539,0.0332581870313801,0.0275191130655201,0.0339072634149741,2.4,1.95,1.65133044868708,1760,1572,0.218087989836931,4,64.0048611164093
0.0276185025320375,0.0214932652026647,0.0288494270601645,0.0233004104318937,3.5,4.5,0.327205076348037,1766,1482,0.476760550169274,11,123.39320397377
0.915554531874295,0.0299295580308429,0.138188493595802,0.0519385926647783,0.1,3.3,0.0108639765530825,1411,707,0.555460722418502,5,62.5754261016846
0.029453495163281,0.0329481210452167,0.0312631924004207,0.035309602651251,4.7,4.2,0.755836464464664,823,829,0.583392647095025,4,64.0942239761353
0.0629325246607814,0.152852420744544,0.0666463002574098,0.104948285615797,1.3,0.35,1.80632221838459,1799,1177,0.704809427727014,5,75.8006970882416
0.0627238898905534,0.0300193012159223,0.062612191406932,0.0313776738862189,1.35,2.85,0.385540289338678,1542,1538,0.60694953170605,5,73.4118511676788
0.0213101103347662,0.0367356143018296,0.0234908622076261,0.0374457564122832,4.4,2.55,0.19082761509344,594,1517,0.310898864176124,5,38.8650031089783
0.0823500810157998,0.0327243510621161,0.0762810248327755,0.0348469823985856,1.2,3.25,1.95488485321403,1011,1251,0.596850057132542,4,23.4880719184875
0.118569062440147,0.0221449077719836,0.0999188118741849,0.0247990513172251,0.5,2.9,0.396284355316311,1922,1508,0.443911719601601,5,111.261253118515
0.0631853114087196,0.174606821873787,0.0693084468896259,0.105732938894059,1.55,0.25,1.91721047600731,1370,1323,0.70162470289506,5,60.2922101020813
0.0332711530031416,0.0328529042268791,0.0344712409552106,0.0340961941038525,3.9,3.95,0.859725383576006,507,1777,0.622015632688999,11,74.7890818119049
0.0689885023731947,0.0525426423651402,0.0693369813475752,0.0525563984972067,1.4,1.9,1.434256054461,1311,670,0.587486400501803,6,53.2232429981232
0.146257206179961,0.0430284910990807,0.116779101074076,0.0475764006272789,0.45,2.05,1.44191566063091,1211,892,0.555456543341279,5,66.6894681453705
0.0307918935622035,0.0266787145487783,0.032412743604153,0.0285595319001405,3.55,4.1,0.216480663977563,860,1940,0.584131549810991,5,100.240169048309
0.0229637688680485,0.067989435188935,0.0246745594220011,0.0658511494740442,4.1,1.3,1.74599889758974,1669,1480,0.516708165407181,11,137.852824926376
0.0417764746373257,0.0241288940181749,0.0430225465518582,0.0257242516549827,2.35,4.1,0.938561186660081,1483,1152,0.451494908658788,5,38.7131371498108
0.122904962934079,0.0188144918446618,0.109711093969214,0.021268878095287,0.55,4.05,0.798067855183035,1304,1711,0.468529465841129,5,68.829628944397
0.0208015607769228,0.0798546305440483,0.0221523695302437,0.0788865333859496,3.1,0.8,0.295672101899981,694,926,0.187249827897176,7,101.921252012253
0.0863007194274146,0.0158705799680783,0.0841663534549855,0.0170383315087572,0.65,3.95,1.08498649485409,1534,1006,0.200925385346636,6,46.505448102951
0.0205428535662239,0.0455915995126117,0.0221670301677582,0.0469792454331859,4.55,2.05,0.206491493154317,904,1775,0.447039024205878,4,79.6644730567932
0.0343106835941088,0.117361288204433,0.0367774604546089,0.114099414110384,3.25,0.9,1.28658984927461,844,787,0.685376556357369,6,100.706869125366
0.0327170690626146,0.234394302620848,0.0431800720216963,0.128691120713218,3.25,0.4,0.387692711316049,590,1042,0.811189468251541,6,32.1079411506653
0.0276428996875347,0.182466852183126,0.030540809080795,0.143526441823999,3.7,0.25,1.6086420705542,854,977,0.333701012190431,6,152.320417881012
0.264420126245427,0.0373493207309247,0.114990184562446,0.049353110975163,0.2,2.5,0.518907306250185,1117,1294,0.578552593709901,4,33.4480950832367
0.0640196831768303,0.0588727592113107,0.0622846998791585,0.0596242591921089,1.5,1.65,1.18968953425065,1364,1105,0.810107979224995,4,31.6921949386597
0.0545429114296218,0.0314289574220907,0.0563377282075688,0.0322758049689327,2.1,3.7,1.5540777486749,1907,925,0.7673808503896,8,182.204278945923
0.0503913654993226,0.207353235130522,0.0561888166212204,0.158390913229209,2.05,0.15,1.52568111289293,601,973,0.264815591042861,5,83.1135759353638
0.300674468426336,0.0816836477486491,0.125514796830524,0.1011729058081,0.1,1.9,1.61958919325843,652,1066,0.667296077823266,5,37.8905911445618
0.0160412678856202,0.038838412316296,0.0174394512243482,0.0390102486644074,4.25,1.75,0.385413588490337,1857,1777,0.274202818982303,5,91.6338200569153
0.0225145105252871,0.111729608534875,0.0240827948202635,0.102222389388775,3.85,0.6,1.9806892783381,1969,1314,0.533489764202386,5,83.7063119411469
0.0192600477677906,0.0883636001246042,0.0207113888624233,0.0864898256274483,4,0.85,0.662495662458241,622,1482,0.294094103388488,5,47.2878649234772
0.15238102041312,0.025736760203882,0.128960195949483,0.0281298063414103,0.7,5,1.9567437581718,1024,959,0.947767762234434,5,71.3526020050049
0.0415115379077265,0.0278062970187248,0.0429270885046718,0.0292329994604297,3.1,4.65,1.4611338255927,511,1085,0.444754301570356,11,34.3232569694519
0.0311155240670554,0.0225752586487267,0.0315114813024448,0.0231476969898937,1.3,1.85,1.14956839662045,831,637,0.0362181921955198,4,40.8385438919067
0.107769377557864,0.107769377557864,0.104835247506275,0.104114605088043,0.6,0.6,0.175604075193405,832,612,0.504810776328668,4,51.8887760639191
0.0328008634263202,0.066095658547131,0.0352864449311662,0.0646878736336057,3.25,1.6,0.565265481360257,1736,1282,0.970489667495713,5,65.2276649475098
0.0372898371098682,0.0421289451443976,0.0390935189892892,0.0440674469794443,3.5,3.1,0.802000177558511,1160,723,0.720330481417477,4,31.5605099201202
